Bet365_Names;Team (Dataset);Record ID;;;;
Fulham;Fulham;1;;;;
Crystal Palace;Crystal Palace;2;;;;
Liverpool;Liverpool;3;;;;
West Ham;West Ham United;4;;;;
West Bromwich;West Bromwich Albion;5;;;;
Tottenham;Tottenham Hotspur;6;;;;
Brighton;Brighton & Hove Albion;7;;;;
Sheffield United;Sheffield United;8;;;;
Everton;Everton;9;;;;
Leeds United;Leeds United;10;;;;
Manchester United;Manchester United;11;;;;
Arsenal;Arsenal;12;;;;
Southampton;Southampton;13;;;;
Newcastle;Newcastle United;14;;;;
Chelsea;Chelsea;15;;;;
Leicester City;Leicester City;16;;;;
Aston Villa;Aston Villa;17;;;;
Wolves;Wolverhampton Wanderers;18;;;;
Burnley;Burnley;19;;;;
Manchester City;Manchester City;20;;;;
Watford;Watford;21;;;;
Birmingham;Birmingham City;22;;;;
Wycombe Wanderers;Wycombe Wanderers;23;;;;
Barnsley;Barnsley;24;;;;
Bournemouth;AFC Bournemouth;25;;;;
Bristol City;Bristol City;26;;;;
Cardiff City;Cardiff City;27;;;;
Derby County;Derby County;28;;;;
Huddersfield Town;Huddersfield Town;29;;;;
Millwall;Millwall;30;;;;
Preston North End;Preston North End;31;;;;
Queens Park Rangers;Queens Park Rangers;32;;;;
Coventry City;Coventry City;33;;;;
Nottingham Forest;Nottingham Forest;34;;;;
Blackburn Rovers;Blackburn Rovers;35;;;;
Brentford;Brentford;36;;;;
Luton Town;Luton Town;37;;;;
Middlesbrough;Middlesbrough;38;;;;
Norwich City;Norwich City;39;;;;
Reading;Reading;40;;;;
Rotherham United;Rotherham United;41;;;;
Sheffield Wednesday;Sheffield Wednesday;42;;;;
Swansea City;Swansea City;43;;;;
Stoke City;Stoke City;44;;;;
Accrington Stanley;Accrington Stanley;45;;;;
Crewe Alexandra;Crewe Alexandra;46;;;;
Doncaster Rovers;Doncaster Rovers;47;;;;
Fleetwood Town;Fleetwood Town;48;;;;
Gillingham;Gillingham;49;;;;
Lincoln City;Lincoln City;50;;;;
Northampton Town;Northampton Town;51;;;;
Plymouth Argyle;Plymouth Argyle;52;;;;
Portsmouth;Portsmouth;53;;;;
Sunderland;Sunderland;54;;;;
Swindon Town;Swindon Town;55;;;;
Ipswich Town;Ipswich Town;56;;;;
AFC Wimbledon;AFC Wimbledon;57;;;;
Blackpool;Blackpool;58;;;;
Bristol Rovers;Bristol Rovers;59;;;;
Burton Albion;Burton Albion;60;;;;
Charlton Athletic;Charlton Athletic;61;;;;
Hull City;Hull City;62;;;;
Milton Keynes Dons;Milton Keynes Dons;63;;;;
Oxford United;Oxford United;64;;;;
Peterborough United;Peterborough United;65;;;;
Shrewsbury Town;Shrewsbury Town;66;;;;
Wigan Athletic;Wigan Athletic;67;;;;
Rochdale;Rochdale;68;;;;
Barrow;Barrow;69;;;;
Bolton;Bolton Wanderers;70;;;;
Bradford City;Bradford City;71;;;;
Cambridge United;Cambridge United;72;;;;
Cheltenham;Cheltenham Town;73;;;;
Mansfield Town;Mansfield Town;74;;;;
Oldham Athletic;Oldham Athletic;75;;;;
Port Vale;Port Vale;76;;;;
Salford City FC;Salford City;77;;;;
Scunthorpe United;Scunthorpe;78;;;;
Southend;Southend United;79;;;;
Walsall;Walsall;80;;;;
Carlisle;Carlisle United;81;;;;
Colchester United;Colchester United;82;;;;
Crawley Town;Crawley Town;83;;;;
Exeter;Exeter City;84;;;;
Forest Green Rovers;Forest Green Rovers;85;;;;
Grimsby Town;Grimsby Town;86;;;;
Harrogate Town;Harrogate Town;87;;;;
Leyton Orient;Leyton Orient;88;;;;
Morecambe;Morecambe;89;;;;
Newport County;Newport County;90;;;;
Stevenage FC;Stevenage;91;;;;
Tranmere Rovers;Tranmere Rovers;92;;;;
Altrincham;Altrincham;93;;;;
Barnet;Barnet;94;;;;
;Dover Athletic;95;;;;
Halifax Town;Halifax Town;96;;;;
Hartlepool United;Hartlepool United;97;;;;
Sutton United;Sutton United;98;;;;
Torquay United;Torquay United;99;;;;
Woking;Woking;100;;;;
Wrexham;Wrexham;101;;;;
King's Lynn Town FC;King’s Lynn;102;;;;
Aldershot;Aldershot Town;103;;;;
Bromley FC;Bromley;104;;;;
Chesterfield;Chesterfield;105;;;;
Dag & Red;Dagenham & Redbridge;106;;;;
Eastleigh FC;Eastleigh;107;;;;
;Maidenhead United;108;;;;
Solihull Moors;Solihull Moors;109;;;;
Stockport County;Stockport County;110;;;;
;Weymouth;111;;;;
Yeovil Town;Yeovil Town;112;;;;
Notts County;Notts County;113;;;;
Boreham Wood;Boreham Wood;114;;;;
Wealdstone;Wealdstone;115;;;;
Aberdeen;Aberdeen;116;;;;
Dundee United;Dundee United;117;;;;
Hibernian;Hibernian;118;;;;
St Mirren;St. Mirren;119;;;;
Celtic;Celtic;120;;;;
Ross County;Ross County;121;;;;
Hamilton;Hamilton;122;;;;
Livingston;Livingston;123;;;;
Motherwell;Motherwell;124;;;;
Rangers FC;Rangers;125;;;;
Kilmarnock;Kilmarnock;126;;;;
St Johnstone;St. Johnstone;127;;;;
Hearts;Hearts;128;;;;
;Ayr;129;;;;
;Dunfermline;130;;;;
;Morton;131;;;;
;Raith Rvs;132;;;;
;Arbroath;133;;;;
;Alloa;134;;;;
Dundee FC;Dundee;135;;;;
;Inverness C;136;;;;
;Queen of Sth;137;;;;
;Airdrie Utd;138;;;;
;Clyde;139;;;;
;Cove Rangers;140;;;;
;Forfar;141;;;;
;Montrose;142;;;;
;East Fife;143;;;;
;Falkirk;144;;;;
;Partick;145;;;;
;Peterhead;146;;;;
;Dumbarton;147;;;;
;Albion Rvs;148;;;;
;Brechin;149;;;;
;Cowdenbeath;150;;;;
;Stirling;151;;;;
;Stranraer;152;;;;
;Annan Athletic;153;;;;
;Edinburgh City;154;;;;
;Elgin;155;;;;
;Queens Park;156;;;;
;Stenhousemuir;157;;;;
Bayern Munich;Bayern MÃ¼nchen;158;;;;
Eintracht Frankfurt;Eintracht Frankfurt;159;;;;
1. FC Köln;KÃ¶ln;160;;;;
VfB Stuttgart;Stuttgart;161;;;;
1. FC Union Berlin;Union Berlin;162;;;;
Werder Bremen;Werder Bremen;163;;;;
Borussia Dortmund;Borussia Dortmund;164;;;;
RB Leipzig;RB Leipzig;165;;;;
VfL Wolfsburg;Wolfsburg;166;;;;
Hertha BSC;Hertha BSC;167;;;;
FC Augsburg;Augsburg;168;;;;
Arminia Bielefeld;Bielefeld;169;;;;
Bayer Leverkusen;Bayer Leverkusen;170;;;;
Mainz 05;Mainz 05;171;;;;
Borussia Mönchengladbach;Borussia M'gladbach;172;;;;
FC Schalke 04;Schalke 04;173;;;;
TSG Hoffenheim;Hoffenheim;174;;;;
SC Freiburg;Freiburg;175;;;;
Hamburger SV;Hamburger SV;176;;;;
Jahn Regensburg;Regensburg;177;;;;
Hannover 96;Hannover 96;178;;;;
SV Sandhausen;Sandhausen;179;;;;
FC Würzburger Kickers;Wurzburger Kickers;180;;;;
Greuther Fürth;Greuther FÃ¼rth;181;;;;
1. FC Heidenheim;Heidenheim;182;;;;
Holstein Kiel;Holstein Kiel;183;;;;
VfL Bochum;Bochum;184;;;;
Erzgebirge Aue;Erzgebirge Aue;185;;;;
VfL Osnabruck;OsnabrÃ¼ck;186;;;;
Eintracht Braunschweig;Eintracht Braunschweig;187;;;;
Darmstadt 98;Darmstadt 98;188;;;;
Fortuna Düsseldorf;Fortuna DÃ¼sseldorf;189;;;;
Karlsruher SC;Karlsruher SC;190;;;;
1. FC Nürnberg;NÃ¼rnberg;191;;;;
FC St. Pauli;St. Pauli;192;;;;
SC Paderborn 07;Paderborn;193;;;;
Eibar;SD Eibar;194;;;;
Granada;Granada CF;195;;;;
Cadiz;CÃ¡diz;196;;;;
Alavés;Deportivo AlavÃ©s;197;;;;
Valladolid;Real Valladolid;198;;;;
Villarreal;Villarreal;199;;;;
Valencia;Valencia CF;200;;;;
Getafe;Getafe CF;201;;;;
Celta Vigo;Celta de Vigo;202;;;;
Huesca;SD Huesca;203;;;;
Real Betis;Real Betis;204;;;;
Real Sociedad;Real Sociedad;205;;;;
Elche;Elche CF;206;;;;
Osasuna;CA Osasuna;207;;;;
Atlético Madrid;AtlÃ©tico Madrid;208;;;;
FC Barcelona;FC Barcelona;209;;;;
Real Madrid;Real Madrid;210;;;;
Athletic Bilbao;Athletic Club Bilbao;211;;;;
Sevilla;Sevilla FC;212;;;;
Levante;Levante UD;213;;;;
Ponferradina;Ponferradina;214;;;;
Leganés;LeganÃ©s;215;;;;
Sporting de Gijón;Sporting GijÃ³n;216;;;;
Espanyol;RCD Espanyol;217;;;;
Real Oviedo;Real Oviedo;218;;;;
Mallorca;RCD Mallorca;219;;;;
Fuenlabrada;Fuenlabrada;220;;;;
Mirandés;MirandÃ©s;221;;;;
Tenerife;CD Tenerife;222;;;;
Alcorcón;AD AlcorcÃ³n;223;;;;
CD Castellon;Castellon;224;;;;
Rayo Vallecano;Rayo Vallecano;225;;;;
Lugo;Lugo;226;;;;
Albacete Balompié;Albacete BalompiÃ©;227;;;;
FC Cartagena;FC Cartagena;228;;;;
UD Las Palmas;UD Las Palmas;229;;;;
Real Zaragoza;Real Zaragoza;230;;;;
UD Logrones;Logrones;231;;;;
Málaga;Malaga;232;;;;
Girona;Girona FC;233;;;;
Sabadell;Sabadell;234;;;;
Almeria;AlmerÃ­a;235;;;;
Fiorentina;Fiorentina;236;;;;
Hellas Verona;Hellas Verona;237;;;;
Parma;Parma;238;;;;
Genoa;Genoa;239;;;;
Sassuolo;Sassuolo;240;;;;
Juventus;Juventus;241;;;;
AC Milan;AC Milan;242;;;;
Torino;Torino;243;;;;
Cagliari;Cagliari;244;;;;
Sampdoria;Sampdoria;245;;;;
Inter;Inter Milan;246;;;;
Spezia;Spezia;247;;;;
Napoli;Napoli;248;;;;
Crotone;Crotone;249;;;;
Roma;Roma;250;;;;
Bologna;Bologna;251;;;;
Benevento;Benevento;252;;;;
Udinese;Udinese;253;;;;
Lazio;Lazio;254;;;;
Atalanta;Atalanta;255;;;;
Monza;Monza;256;;;;
Brescia;Brescia;257;;;;
Cosenza;Cosenza;258;;;;
Frosinone;Frosinone;259;;;;
Lecce;Lecce;260;;;;
Pescara;Pescara;261;;;;
Salernitana;Salernitana;262;;;;
Venezia;Venezia;263;;;;
Cremonese;Cremonese;264;;;;
Reggiana;Reggiana;265;;;;
Chievo Verona;Chievo;266;;;;
Ascoli;Ascoli;267;;;;
Empoli;Empoli;268;;;;
Reggina;Reggina;269;;;;
Spal;Spal;270;;;;
Vicenza;Vicenza;271;;;;
Virtus Entella;Virtus Entella;272;;;;
Pisa;Pisa;273;;;;
Cittadella;Cittadella;274;;;;
Pordenone;Pordenone;275;;;;
Bordeaux;Bordeaux;276;;;;
Dijon;Dijon;277;;;;
Lille;Lille;278;;;;
AS Monaco;Monaco;279;;;;
Lorient;Lorient;280;;;;
Nîmes Olympique;Nimes;281;;;;
Nice;Nice;282;;;;
Lyon;Olympique Lyonnais;283;;;;
Rennes;Rennes;284;;;;
Strasbourg;Strasbourg;285;;;;
Reims;Reims;286;;;;
Angers;Angers;287;;;;
Metz;Metz;288;;;;
Nantes;Nantes;289;;;;
Saint-Étienne;St Etienne;290;;;;
Brest;Brest;291;;;;
Lens;Lens;292;;;;
Montpellier;Montpellier;293;;;;
Paris SG;PSG;294;;;;
Marseille;Olympique Marseille;295;;;;
Toulouse;Toulouse;296;;;;
AC Ajaccio;Ajaccio;297;;;;
Amiens;Amiens;298;;;;
Auxerre;Auxerre;299;;;;
Chambly FC;Chambly;300;;;;
Clermont;Clermont;301;;;;
Guingamp;Guingamp;302;;;;
Rodez;Rodez;303;;;;
Valenciennes;Valenciennes;304;;;;
Troyes;Troyes;305;;;;
Caen;Caen;306;;;;
Nancy;Nancy;307;;;;
Châteauroux;Chateauroux;308;;;;
Dunkerque;Dunkerque;309;;;;
Grenoble;Grenoble;310;;;;
Le Havre;Le Havre;311;;;;
Niort;Niort;312;;;;
Paris FC;Paris FC;313;;;;
Pau;Pau FC;314;;;;
Sochaux;Sochaux;315;;;;
Club Brugge;Club Brugge;316;;;;
Royal Antwerp FC;Royal Antwerp FC;317;;;;
Standard de Liège;Standard LiÃ¨ge;318;;;;
Sint-Truiden;Sint-Truiden;319;;;;
Zulte Waregem;Waregem;320;;;;
KV Mechelen;KV Mechelen;321;;;;
Kortrijk;KV Kortrijk;322;;;;
OH Leuven;OH Leuven;323;;;;
KV Oostende;Oostende;324;;;;
Royal Excel Mouscron;Mouscron;325;;;;
KRC Genk;KRC Genk;326;;;;
Sporting de Charleroi;Sporting Charleroi;327;;;;
AA Gent;KAA Gent;328;;;;
Cercle Brugge;Cercle Brugge;329;;;;
Beerschot;Beerschot-Wilrijk;330;;;;
AS Eupen;AS Eupen;331;;;;
Anderlecht;RSC Anderlecht;332;;;;
SC Heerenveen;Heerenveen;334;;;;
PEC Zwolle;PEC Zwolle;335;;;;
FC Twente;Twente;336;;;;
FC Emmen;Emmen;337;;;;
Heracles Almelo;Heracles;338;;;;
Sparta Rotterdam;Sparta Rotterdam;339;;;;
FC Groningen;Groningen;340;;;;
RKC Waalwijk;RKC Waalwijk;341;;;;
VVV Venlo;VVV;342;;;;
AZ Alkmaar;AZ;343;;;;
Vitesse;Vitesse;344;;;;
PSV Eindhoven;PSV;345;;;;
Fortuna Sittard;Fortuna Sittard;346;;;;
ADO Den Haag;ADO Den Haag;347;;;;
Feyenoord;Feyenoord;348;;;;
Willem II;Willem II;349;;;;
Ajax;Ajax;350;;;;
FC Utrecht;Utrecht;351;;;;
Famalicão;FamalicÃ£o;352;;;;
Vitoria Guimarães;VitÃ³ria GuimarÃ£es;353;;;;
FC Porto;Porto;355;;;;
Santa Clara;Santa Clara;356;;;;
Moreirense;Moreirense FC;357;;;;
CD de Tondela;CD Tondela;358;;;;
Portimonense;Portimonense;359;;;;
S.C. Braga;Sporting Braga;360;;;;
Marítimo Funchal;CS MarÃ­timo;361;;;;
Benfica;Benfica;362;;;;
Boavista;Boavista FC;363;;;;
Farense;Farense;364;;;;
Gil Vicente;Gil Vicente;365;;;;
Paços Ferreira;PaÃ§os de Ferreira;366;;;;
Rio Ave;Rio Ave FC;367;;;;
Os Belenenses;CF Os Belenenses;368;;;;
Sporting Lisbon;Sporting CP;369;;;;
Çaykur Rizespor;Rizespor;370;;;;
Fatih Karagümrük;Fatih KaragÃ¼mrÃ¼k;371;;;;
Sivasspor;Sivasspor;372;;;;
Galatasaray A.Ş.;Galatasaray;373;;;;
Göztepe A.Ş.;Goztep;374;;;;
Ankaragücü;AnkaragÃ¼cÃ¼;375;;;;
Kayserispor;Kayserispor;376;;;;
Antalyaspor A.Ş.;Antalyaspor;377;;;;
Trabzonspor A.Ş.;Trabzonspor;378;;;;
Hatayspor;Hatayspor;379;;;;
Yeni Malatyaspor;Yeni Malatyaspor;380;;;;
Genclerbirligi;Genclerbirligi;381;;;;
Denizlispor;Denizlispor;382;;;;
Alanyaspor;Alanyaspor;383;;;;
Beşiktaş A.Ş.;BeÅiktaÅ;384;;;;
Erzurumspor;Erzurum BB;385;;;;
Kasımpaşa;KasÄ±mpaÅa;386;;;;
İstanbul Başakşehir;Ä°stanbul BaÅakÅehir;387;;;;
Gaziantep B.B.;Gaziantep;388;;;;
Fenerbahçe;FenerbahÃ§e;389;;;;
Konyaspor;Konyaspor;390;;;;
Aris Thessaloniki;Aris;391;;;;
PAOK Thessaloniki;PAOK;392;;;;
OFI Crete;OFI Crete;393;;;;
Atromitos Athens;Atromitos;394;;;;
Asteras Tripolis;Asteras Tripolis;395;;;;
Olympiakos Piraeus;Olympiakos;396;;;;
Panetolikos Agrinio;Panetolikos;397;;;;
Lamia 1964;Lamia;398;;;;
Volos NPS;Volos NFC;399;;;;
AEK Athens;AEK;400;;;;
;Larisa;401;;;;
Panathinaikos;Panathinaikos;402;;;;
Apollon Smyrnis;Apollon;403;;;;
PAS Giannina;Giannina;404;;;;
Macclesfield;Macclesfield;405;;;;
Chorley;Chorley;406;;;;
Ebbsfleet United;Ebbsfleet United;407;;;;
Fylde;Fylde;408;;;;
Dynamo Dresden;Dresden;409;;;;
Wehen;Wehen Wiesbaden;410;;;;
Racing Santander;Racing Santander;411;;;;
La Coruna;La Coruna;412;;;;
Numancia;Numancia;413;;;;
Extremadura UD;Extremadura UD;414;;;;
Perugia;Perugia;415;;;;
Livorno;Livorno;416;;;;
Trapani;Trapani;417;;;;
Juve Stabia;Juve Stabia;418;;;;
Le Mans;Le Mans;419;;;;
Orleans;Orleans;420;;;;
Setubal;Setubal;421;;;;
Aves;Aves;422;;;;
Panionios;Panionios;423;;;;
Xanthi;Xanthi;424;;;;
Bury;Bury;425;;;;
Braintree Town;Braintree Town;426;;;;
Maidstone;Maidstone;427;;;;
Gateshead;Gateshead;428;;;;
Havant & Waterlooville;Havant & Waterlooville;429;;;;
Berwick;Berwick;430;;;;
1. FC Magdeburg;Magdeburg;431;;;;
FC Ingolstadt 04;Ingolstadt;432;;;;
Duisburg;Duisburg;433;;;;
Foggia;Foggia;434;;;;
Palermo;Palermo;435;;;;
Carpi;Carpi;436;;;;
Padova;Padova;437;;;;
Cordoba;Cordoba;438;;;;
Gimnastic;Gimnastic;439;;;;
Reus Deportiu;Reus Deportiu;440;;;;
Rayo Majadahonda;Rayo Majadahonda;441;;;;
Ajaccio GFCO;Ajaccio GFCO;442;;;;
Red Star Belgrade;Red Star;443;;;;
Beziers;Beziers;444;;;;
Lokeren;Lokeren;445;;;;
Excelsior Rotterdam;Excelsior;446;;;;
Graafschap;Graafschap;447;;;;
NAC Breda;NAC Breda;448;;;;
;Chaves;450;;;;
;Bursaspor;451;;;;
;Akhisar Belediyespor;452;;;;
;Guiseley;454;;;;
;Chester;455;;;;
;Kaiserslautern;456;;;;
;Lorca;457;;;;
;Leonesa;458;;;;
;Sevilla B;459;;;;
;Barcelona B;460;;;;
;Avellino;461;;;;
;Pro Vercelli;462;;;;
Ternana;Ternana;463;;;;
Bari;Bari;464;;;;
;Cesena;465;;;;
;Novara;466;;;;
;Tours;467;;;;
;Bourg Peronnas;468;;;;
Quevilly;Quevilly Rouen;469;;;;
Roda JC Kerkrade;Roda JC;470;;;;
Estoril;GD Estoril Praia;471;;;;
;Karabukspor;472;;;;
;Osmanlispor;473;;;;
;Kerkyra;474;;;;
;Platanias;475;;;;
;North Ferriby;476;;;;
;Southport;477;;;;
;York;478;;;;
;Munich 1860;479;;;;
;UCAM Murcia;480;;;;
;Latina;481;;;;
SC Bastia;Bastia;482;;;;
NEC Nijmegen;NEC;484;;;;
Go Ahead Eagles;Go Ahead Eagles;485;;;;
Westerlo;KVC Westerlo;486;;;;
Arouca;FC Arouca;487;;;;
;Adanaspor;488;;;;
;Gaziantepspor;489;;;;
;Veria;490;;;;
;Iraklis;491;;;;
Kidderminster Harriers;Kidderminster Harriers;492;;;;
;Welling United;493;;;;
;East Stirling;494;;;;
;Frankfurt FSV;495;;;;
;Llagostera;496;;;;
;Ath Bilbao B;497;;;;
Modena;Modena;498;;;;
Como;Como;499;;;;
;Virtus Lanciano;500;;;;
;Creteil;501;;;;
Giresunspor;Giresunspor;502;;;;
Cambuur Leeuwarden;Cambuur;503;;;;
;Mouscron-Peruwelz;504;;;;
;Uniao Madeira;505;;;;
;Academica;506;;;;
;Mersin Idman Yurdu;507;;;;
;Eskisehirspor;508;;;;
;Kallonis;509;;;;
;Panthrakikos;510;;;;
;Alfreton Town;511;;;;
;Dartford;512;;;;
;Nuneaton Town;513;;;;
;Telford United;514;;;;
;Aalen;515;;;;
;Recreativo;516;;;;
;Catania;517;;;;
;Varese;518;;;;
;Arles;519;;;;
FC Dordrecht;Dordrecht;520;;;;
;Lierse;521;;;;
;Penafiel;522;;;;
;OFI;523;;;;
;Niki Volos;524;;;;
;Ergotelis;525;;;;
;Balikesirspor;526;;;;
;Erciyesspor;527;;;;
;Hereford;528;;;;
;Salisbury;529;;;;
;Hyde United;530;;;;
;Tamworth;531;;;;
;Cottbus;532;;;;
;Hercules;533;;;;
;Jaen;534;;;;
;Murcia;535;;;;
;Real Madrid B;536;;;;
;Siena;537;;;;
;Istres;538;;;;
;CA Bastia;539;;;;
;Bergen;540;;;;
;Olhanense;541;;;;
;Elazigspor;542;;;;
;Xerez;543;;;;
;Guadalajara;544;;;;
;Grosseto;545;;;;
;Sedan;546;;;;
;Germinal;547;;;;
;Beira Mar;548;;;;
;Orduspor;549;;;;
;Darlington;550;;;;
;Hayes & Yeading;551;;;;
;Kettering Town;552;;;;
;Bath City;553;;;;
;AFC Telford United;554;;;;
Hansa Rostock;Hansa Rostock;555;;;;
;Aachen;556;;;;
;Alcoyano;557;;;;
Villarreal B;Villarreal II;558;;;;
;Albinoleffe;559;;;;
;Gubbio;560;;;;
;Nocerina;561;;;;
;Boulogne;562;;;;
;Leiria;564;;;;
;Doxa Dramas;565;;;;
;Manisaspor;566;;;;
Samsunspor;Samsunspor;567;;;;
;Histon;568;;;;
;Rushden & D;569;;;;
;Eastbourne Borough;570;;;;
;Oberhausen;571;;;;
;Salamanca;572;;;;
;Portogruaro;573;;;;
;Triestina;574;;;;
;Piacenza;575;;;;
;Vannes;576;;;;
;Heracles ;577;;;;
;Roda ;578;;;;
;Ajax ;579;;;;
;Feyenoord ;580;;;;
;Graafschap ;581;;;;
;Groningen ;582;;;;
;Utrecht ;583;;;;
;Vitesse ;584;;;;
;Willem II ;585;;;;
;Naval;586;;;;
;Kavala;587;;;;
;Olympiakos Volou;588;;;;
;Panserraikos;589;;;;
;Bucaspor;590;;;;
;Grays;591;;;;
;Ahlen;592;;;;
;Koblenz;593;;;;
;Real Union;594;;;;
;Mantova;595;;;;
;Ancona;596;;;;
;Gallipoli;597;;;;
;Piacenza ;598;;;;
;Roeselare;599;;;;
;Sparta;600;;;;
;Roda JC;601;;;;
;Leixoes;602;;;;
;Diyarbakirspor;603;;;;
;Northwich;604;;;;
;Lewes;605;;;;
;Kaiserslautern ;606;;;;
;Alicante;607;;;;
;Treviso;608;;;;
;Rimini;609;;;;
;Dender;610;;;;
;Tubize;611;;;;
;Est Amadora;613;;;;
;Trofense;614;;;;
;Hacettepespor;615;;;;
;Ankaraspor;616;;;;
;Kocaelispor;617;;;;
;Thrasyvoulos;618;;;;
;Droylsden;619;;;;
Alessandria;Alessandria;620;;;;
;Stafford Rangers;621;;;;
;Gretna;622;;;;
;CZ Jena;623;;;;
;Offenbach;624;;;;
Racing Club Ferrol;Racing Club de Ferrol;625;;;;
;Granada 74;626;;;;
;Poli Ejido;627;;;;
;Messina;628;;;;
;Ravenna;629;;;;
;Gueugnon;630;;;;
;Libourne;631;;;;
;FC Brussels;632;;;;
;Oftasspor;633;;;;
;Kalamaria;634;;;;
;Boston;635;;;;
;Gravesend;636;;;;
;St. Albans;637;;;;
;Burghausen;638;;;;
;Essen;639;;;;
;Unterhaching;640;;;;
;Ciudad de Murcia;641;;;;
;Vecindario;642;;;;
;Arezzo;643;;;;
;Sakaryaspor;645;;;;
;Egaleo;646;;;;
Ionikos Nikea;Ionikos;647;;;;
;Canvey Island;648;;;;
;Scarborough;649;;;;
;Saarbrucken;650;;;;
;Siegen;651;;;;
;Lleida;652;;;;
;Malaga B;653;;;;
;Catanzaro;654;;;;
;Sete;655;;;;
;Louvieroise;656;;;;
;Roosendaal;657;;;;
;Malatyaspor;658;;;;
;Kallithea;659;;;;
;Akratitos;660;;;;
;Ein Trier;661;;;;
;Erfurt;662;;;;
;Pontevedra;663;;;;
;Terrassa;664;;;;
FC Den Bosch;Den Bosch;665;;;;
;A. Sebatspor;666;;;;
Istanbulspor;Ä°stanbulspor;667;;;;
;Chalkidona;668;;;;
;Kalithea;669;;;;
;Wimbledon;670;;;;
;Lubeck;671;;;;
;Algeciras;672;;;;
;Besancon;673;;;;
;Rouen;674;;;;
;Valence;675;;;;
;Heusden Zolder;676;;;;
;Alverca;677;;;;
;Proodeftiki;678;;;;
;Paniliakos;679;;;;
;Mannheim;680;;;;
;Reutlingen;681;;;;
;Badajoz;682;;;;
;Compostela;683;;;;
;Beauvais;684;;;;
;Wasquehal;685;;;;
;Varzim;686;;;;
Altay Izmir;Altay;687;;;;
;Panahaiki;688;;;;
;Airdrie;689;;;;
;Clydebank;690;;;;
;Schweinfurt;691;;;;
;Babelsberg;692;;;;
Burgos;Burgos CF;693;;;;
;Extremadura;694;;;;
;Pistoiese;695;;;;
;Martigues;696;;;;
;Aalst;698;;;;
;Molenbeek;699;;;;
;Salgueiros;700;;;;
;Yozgatspor;701;;;;
;Eth Asteras;702;;;;
;Stuttgarter K;703;;;;
;Chemnitz;704;;;;
;Ulm;705;;;;
;U.Las Palmas;706;;;;
;Cannes;707;;;;
;Harelbeke;708;;;;
;Campomaiorense;709;;;;
;Erzurumspor;710;;;;
;Siirt Jet-PA;711;;;;
;Kalamata;712;;;;
;Athinaikos;713;;;;
;Yiannina;714;;;;
;TB Berlin;715;;;;
;F Koln;716;;;;
;Ath Madrid B;717;;;;
;Merida;718;;;;
;Toledo;719;;;;
;Alzano;720;;;;
;Fermana;721;;;;
;Savoia;722;;;;
;Louhans-Cuis.;723;;;;
;Geel;724;;;;
;MVV Maastricht;725;;;;
;Vanspor;726;;;;
;Ethnikos Asteras;727;;;;
;Proodeytiki;728;;;;
;Trikala;729;;;;
;Gutersloh;730;;;;
;Uerdingen;731;;;;
;Dusseldorf;732;;;;
;Wattenscheid;733;;;;
;Villareal;734;;;;
;Mallorca B;735;;;;
;Ourense;736;;;;
;F. Andria;737;;;;
;Lucchese;738;;;;
;Red Star 93;739;;;;
;Dardanelspor;740;;;;
;Erzurum;741;;;;
;Eleysina;742;;;;
;Veroia;743;;;;
;Ethnikos Piraeus;744;;;;
;Meppen;745;;;;
;Leipzig;746;;;;
;Zwickau;747;;;;
;Orense;748;;;;
;C. Sangro;749;;;;
;Toulon;750;;;;
;Mulhouse;751;;;;
;Desp. Chaves;752;;;;
;Leca;753;;;;
;Kayseri;754;;;;
;Sekerspor;755;;;;
;Middlesboro;756;;;;
;Oldenburg;757;;;;
;Ecija;758;;;;
;Charleville;759;;;;
;St Brieuc;760;;;;
;Epinal;761;;;;
;Perpignan;762;;;;
;Espinho;763;;;;
;Sariyer;764;;;;
;Zeytinburnu;765;;;;
;Kastoria;766;;;;
;Edessaikos;767;;;;
R.F.C. Seraing;Seraing;768;;;;
;Campomaior;769;;;;
;Felgueiras;770;;;;
;Tirsense;771;;;;
;Karsiyaka;772;;;;
;Ethnikos;773;;;;
;FSV Frankfurt;774;;;;
;Homburg;775;;;;
;Madeira;776;;;;
Adana Demirspor;Adana Demirspor;777;;;;
;P. Ofisi;778;;;;
;Antalya;779;;;;
;Doxa;780;;;;
Levadiakos;Levadeiakos;781;;;;
;RW Essen;782;;;;
;Wuppertaler;783;;;;
;Lerida;784;;;;
;St. Pauli;785;;;;
Odds Ballklubb;Odd;786;;;;
Sarpsborg 08;Sarpsborg 08;787;;;;
Kristiansund BK;Kristiansund;788;;;;
Haugesund;Haugesund;789;;;;
Lillestrøm;LillestrÃ¸m;790;;;;
Tromsø;TromsÃ¸;792;;;;
Strømsgodset;StrÃ¸msgodset;793;;;;
Viking Stavanger;Viking;794;;;;
Bodø/Glimt;FK Bodo - Glimt;795;;;;
Sandefjord Fotball;Sandefjord;796;;;;
Vålerenga;VÃ¥lerenga;797;;;;
Molde;Molde;798;;;;
Rosenborg;Rosenborg;800;;;;
NE Revolution;New England Revolution;802;;;;
CF Montréal;Montreal Impact;803;;;;
COL Crew;Columbus Crew;804;;;;
PHI Union;Philadelphia Union;805;;;;
New York Red Bulls;New York RB;806;;;;
CHI Fire;Chicago Fire;807;;;;
ORL City SC;Orlando City;808;;;;
Austin FC;Austin;809;;;;
SEA Sounders;Seattle Sounders;810;;;;
POR Timbers;Portland Timbers;811;;;;
Los Angeles FC;Los Angeles FC;812;;;;
LA Galaxy;LA Galaxy;813;;;;
Nashville SC;Nashville SC;814;;;;
Atlanta United FC;Atlanta United FC;815;;;;
DC United;DC United;816;;;;
Toronto FC;Toronto;817;;;;
FC Cincinnati;FC Cincinnati;818;;;;
NYCFC;New York City;819;;;;
Inter Miami CF;Inter Miami;820;;;;
HOU Dynamo;Houston Dynamo;821;;;;
FC Dallas;FC Dallas;822;;;;
SJ Earthquakes;SJ Earthquakes;823;;;;
Sporting KC;Sporting KC;824;;;;
Real Salt Lake;Real Salt Lake;825;;;;
MIN United;Minnesota United;826;;;;
COL Rapids;Colorado Rapids;827;;;;
Real Sociedad B;Sociedad B;828;;;;
Union Saint-Gilloise;Union Saint-Gilloise;829;;;;
Vizela;FC Vizela;830;;;;
SD Amorebieta;SD Amorebieta;831;;;;
UD Ibiza;Ibiza;832;;;;
Basel;Basel;833;;;;
FC Copenhagen;KÃ¸benhavn;834;;;;
Partizan Belgrade;Partizan Belgrade;835;;;;
LASK Linz;LASK Linz;836;;;;
Slavia Praha;Slavia Praha;837;;;;
César Vallejo;CÃ©sar Vallejo;838;;;;
UTC Cajamarca;UTC Cajamarca;839;;;;
Alianza Lima;Alianza Lima;840;;;;
Deportivo Municipal;Deportivo Municipal;841;;;;
Sport Huancayo;Sport Huancayo;842;;;;
FBC Melgar;Melgar;843;;;;
Carlos Stein;Carlos Stein;844;;;;
Academia Cantolao;Academia Cantolao;845;;;;
Universidad de San Martin de Porres;Universidad San MartÃ­n;846;;;;
Universitario de Deportes;Universitario;847;;;;
Alianza Atletico;Alianza AtlÃ©tico;848;;;;
Asociación Deportiva Tarma;ADT;849;;;;
Ayacucho FC;Ayacucho;850;;;;
Cienciano Cusco;Cienciano;851;;;;
Sporting Cristal;Sporting Cristal;852;;;;
Atletico Grau;AtlÃ©tico Grau;853;;;;
Sport Boys;Sport Boys;854;;;;
EM Deportivo Binacional;Deportivo Binacional;855;;;;
Carlos A. Manucci;Carlos Manucci;856;;;;
Western Sydney Wanderers;Western Sydney Wanderers;858;;;;
Randers FC;Randers;859;;;;
Newcastle Jets FC;Newcastle Jets FC;860;;;;
Silkeborg IF;Silkeborg;861;;;;
AaB Aalborg;AaB;862;;;;
FC Midtjylland;Midtjylland;863;;;;
Brøndby IF;BrÃ¸ndby;865;;;;
AGF Aarhus;AGF;866;;;;
Vejle Boldklub;Vejle;867;;;;
FC Nordsjælland;NordsjÃ¦lland;868;;;;
SønderjyskE;SÃ¸nderjyskE;869;;;;
OB;OB;870;;;;
Malmö FF;MalmÃ¶ FF;871;;;;
IF Elfsborg;Elfsborg;872;;;;
Hammarby IF;Hammarby;873;;;;
Mjällby AIF;MjÃ¤llby;874;;;;
Varbergs BoIS;Varberg;876;;;;
GIF Sundsvall;GIF Sundsvall;877;;;;
Degerfors IF;Degerfors;879;;;;
AIK;AIK;880;;;;
IFK Norrköping;NorrkÃ¶ping;881;;;;
BK Häcken;HÃ¤cken;882;;;;
IK Sirius FK;Sirius;883;;;;
Kalmar FF;Kalmar;884;;;;
IFK Värnamo;VÃ¤rnamo;885;;;;
Djurgårdens IF;DjurgÃ¥rden;886;;;;
IFK Göteborg;IFK GÃ¶teborg;887;;;;
Helsingborgs IF;Helsingborg;888;;;;
Radomiak Radom;Radomiak Radom;889;;;;
Cracovia Kraków;Cracovia KrakÃ³w;890;;;;
Zagłębie Lubin;ZagÅÄbie Lubin;891;;;;
Górnik Zabrze;GÃ³rnik Zabrze;892;;;;
Śląsk Wrocław;ÅlÄsk WrocÅaw;893;;;;
Termalica Bruk-Bet Nieciecza;Nieciecza;894;;;;
Piast Gliwice;Piast Gliwice;895;;;;
Jagiellonia Białystok;Jagiellonia BiaÅystok;896;;;;
Lechia Gdańsk;Lechia GdaÅsk;897;;;;
Warta Poznań;Warta PoznaÅ;898;;;;
Lech Poznań;Lech PoznaÅ;899;;;;
Stal Mielec;Stal Mielec;900;;;;
Raków Częstochowa;RakÃ³w CzÄstochowa;901;;;;
Górnik Łęczna;GÃ³rnik ÅÄczna;902;;;;
Pogoń Szczecin;PogoÅ Szczecin;903;;;;
Legia Warszawa;Legia Warszawa;904;;;;
Wisła Kraków;WisÅa KrakÃ³w;905;;;;
Wisła Płock;WisÅa PÅock;906;;;;
Macarthur FC;Macarthur;907;;;;
Melbourne Victory;Melbourne Victory FC;908;;;;
Western United FC;Western United;909;;;;
Wellington Phoenix;Wellington Phoenix;910;;;;
Central Coast Mariners;Central Coast Mariners;911;;;;
Sydney FC;Sydney FC;912;;;;
Perth Glory;Perth Glory FC;913;;;;
Brisbane Roar;Brisbane Roar;914;;;;
Adelaide United;Adelaide United;915;;;;
Aalesund;Aalesund;916;;;;
Viborg FF;Viborg;917;;;;
Odense BK;OB;918;;;;
Melbourne City FC;Melbourne City FC;919;;;;
CA Colon de Santa Fe;ColÃ³n;920;;;;
Vikingur Reykjavík;VÃ­kingur ReykjavÃ­k;922;;;;
RB Keflavík;KeflavÃ­k;923;;;;
FH Hafnarfjarðar;FH;924;;;;
Valur Reykjavík;Valur;925;;;;
Stjarnan Gardabae;Stjarnan;926;;;;
KA Akureyri;KA;928;;;;
Knattspyrnufélagið Fram;Fram;929;;;;
Leiknir ReykjavÃ­k;Leiknir ReykjavÃ­k;931;;;;
ÍA Akranes;ÃA;932;;;;
KR Reykjavík;KR;933;;;;
Atlético Tucumán;AtlÃ©tico TucumÃ¡n;936;;;;
Club Atletico Talleres;Talleres CÃ³rdoba;937;;;;
Racing Club;Racing Club;938;;;;
Velez Sarsfield;VÃ©lez Sarsfield;939;;;;
Arsenal de Sarandi;Arsenal de SarandÃ­;940;;;;
Boca Juniors;Boca Juniors;943;;;;
Atlético Tigre;Tigre;946;;;;
Banfield;Banfield;947;;;;
Barracas Central;Barracas Central;948;;;;
Sarmiento;Sarmiento;949;;;;
River Plate;River Plate;950;;;;
CA Avellaneda Independiente;Independiente;952;;;;
ÍB Vestmennaeyjar;ÃBV;953;;;;
Leiknir Reykjavík;Leiknir ReykjavÃ­k;954;;;;
Breiðablik;Breidablik;955;;;;
Godoy Cruz;Godoy Cruz;956;;;;
Central Córdoba de Santiago del Estero;Central CÃ³rdoba SdE;957;;;;
Unión de Santa Fe;UniÃ³n Santa Fe;958;;;;
Jerv;Jerv;960;;;;
HamKam;HamKam;961;;;;
Argentinos Jrs;Argentinos Juniors;962;;;;
FC Fredericia;Fredericia;963;;;;
Nykøbing FC;NykÃ¸bing;964;;;;
AC Horsens;Horsens;965;;;;
FC Helsingør;FC HelsingÃ¸r;966;;;;
Skövde AIK;SkÃ¶vde AIK;968;;;;
FC Porto B;Porto II;969;;;;
Benfica B;Benfica II;970;;;;
Académico Viseu;Academico Viseu;971;;;;
Penafiel;FC Penafiel;972;;;;
Académica Coimbra;AssociaÃ§Ã£o AcadÃ©mica de Coimbra OAF;973;;;;
Vilafranquense;Vilafranquense;974;;;;
Leixões;LeixÃµes;975;;;;
Feirense;CD Feirense;976;;;;
Trofense;CD Trofense;977;;;;
Casa Pia;Casa Pia;978;;;;
Chaves;GD Chaves;979;;;;
Varzim;Varzim;980;;;;
CF Estrela;Estrela Amadora;981;;;;
Mafra;CD Mafra;982;;;;
Sporting Covilhã;Sporting CovilhÃ£;983;;;;
Örebro SK;Ãrebro;984;;;;
Trelleborgs FF;Trelleborg;985;;;;
Jönköpings Södra IF;JÃ¶nkÃ¶pings SÃ¶dra;986;;;;
Landskrona BoIS;Landskrona;987;;;;
Östersunds FK;Ãstersunds FK;988;;;;
Östers IF;Ãster;989;;;;
Västerås SK FK;VÃ¤sterÃ¥s SK;990;;;;
Utsiktens BK;Utsikten;991;;;;
IF Brommapojkarna;Brommapojkarna;992;;;;
IK Brage;Brage;993;;;;
Nacional Madeira;CD Nacional;994;;;;
Lyngby;Lyngby;995;;;;
Esbjerg;Esbjerg;996;;;;
Fremad Amager;Fremad Amager;997;;;;
Hvidovre;Hvidovre;998;;;;
Örgryte IS;Ãrgryte;999;;;;
Hobro;Hobro;1000;;;;
HB Køge;HB KÃ¸ge;1001;;;;
Jammerbugt FC;Jammerbugt;1002;;;;
Dalkurd FF;Dalkurd;1003;;;;
Halmstads BK;Halmstad;1004;;;;
Vendsyssel FF;Vendsyssel;1005;;;;
AFC Eskilstuna;AFC Eskilstuna;1006;;;;
Norrby IF;Norrby;1007;;;;
FC KTP;KTP;1008;;;;
Ekenäs IF;EIF;1009;;;;
Pepo;PEPO;1010;;;;
Stabæk;StabÃ¦k;1012;;;;
Kongsvinger;Kongsvinger;1013;;;;
Grorud;Grorud;1014;;;;
Stjørdals/Blink;StjÃ¸rdals-Blink;1015;;;;
Brann;Brann;1016;;;;
Mjøndalen;MjÃ¸ndalen;1017;;;;
Raufoss;Raufoss;1018;;;;
Åsane;Ãsane;1019;;;;
KFUM;KFUM;1020;;;;
Skeid Fotball;Skeid;1021;;;;
JäPS;JÃ¤PS;1022;;;;
SJK Seinäjoki Akatemia;SJK Akatemia;1023;;;;
PIF;PIF;1024;;;;
KPV Kokkola;KPV;1025;;;;
FF Jaro;Jaro;1026;;;;
TPS;TPS;1027;;;;
PK-35 Helsinki;PK-35;1028;;;;
Rosario Central;Rosario Central;1029;;;;
Almirante Brown;Almirante Brown;1030;;;;
Flandria;Flandria;1031;;;;
San Lorenzo;San Lorenzo;1032;;;;
Newell's Old Boys;Newell's Old Boys;1033;;;;
Millonarios FC;Millonarios;1034;;;;
Junior Barranquilla;Junior;1035;;;;
Atlético Bucaramanga;AtlÃ©tico Bucaramanga;1036;;;;
Atlético Nacional S.A;AtlÃ©tico Nacional;1037;;;;
La Equidad Seguros;La Equidad;1038;;;;
Deportes Tolima;Deportes Tolima;1039;;;;
Juventude-RS;Juventude;1040;;;;
América-MG;AmÃ©rica Mineiro;1041;;;;
Bragantino-SP;Bragantino;1042;;;;
Atlético-GO;AtlÃ©tico GO;1043;;;;
Fluminense-RJ;Fluminense;1044;;;;
Santos-SP;Santos;1045;;;;
Palmeiras-SP;Palmeiras;1046;;;;
Fortaleza-CE;Fortaleza;1047;;;;
Coritiba-PR;Coritiba;1048;;;;
Cruzeiro-MG;Cruzeiro;1049;;;;
Bahia-BA;Bahia;1050;;;;
Sport Recife-PE;Sport Recife;1051;;;;
CRB-AL;CRB;1052;;;;
São Paulo-SP;SÃ£o Paulo;1053;;;;
Goiás EC-GO;GoiÃ¡s;1054;;;;
Botafogo-RJ;Botafogo;1055;;;;
Internacional-RS;Internacional;1056;;;;
Atlético Mineiro-MG;AtlÃ©tico Mineiro;1057;;;;
Avaí-SC;AvaÃ­;1058;;;;
Flamengo-RJ;Flamengo;1059;;;;
Ceará-CE;CearÃ¡;1060;;;;
Athletico Paranaense-PR;AtlÃ©tico PR;1061;;;;
Gimnasia La Plata;Gimnasia La Plata;1062;;;;
Patronato de Paraná;Patronato;1063;;;;
Lanús;LanÃºs;1064;;;;
Defensa y Justicia;Defensa y Justicia;1065;;;;
Aldosivi;Aldosivi;1066;;;;
Estudiantes La Plata;Estudiantes;1067;;;;
Nueva Chicago;Nueva Chicago;1068;;;;
Gimnasia y Esgrima Mendoza;Gimnasia Mendoza;1069;;;;
Independiente Medellín;Independiente MedellÃ­n;1070;;;;
Envigado FC;Envigado;1071;;;;
Sampaio Correa-MA;Sampaio CorrÃªa;1072;;;;
Náutico-PE;NÃ¡utico;1073;;;;
Mikkelin Palloilijat;MP;1074;;;;
Atlético Huracán;HuracÃ¡n;1075;;;;
Chapecoense-SC;Chapecoense;1076;;;;
Criciúma-SC;CriciÃºma;1077;;;;
Guangzhou;Guangzhou Evergrande;1078;;;;
Hebei;Hebei CFFC;1079;;;;
Henan Songshan Longmen;Henan Jianye;1080;;;;
Wuhan;Wuhan Zall;1081;;;;
Shanghai Port;Shanghai SIPG;1082;;;;
Zhejiang;Zhejiang FC;1083;;;;
Corinthians-SP;Corinthians;1084;;;;
Cuiabá-MT;CuiabÃ¡;1085;;;;
Gimnasia de Jujuy;Gimnasia Jujuy;1086;;;;
Instituto AC Córdoba;Instituto;1087;;;;
Tristán Suárez;TristÃ¡n SuÃ¡rez;1088;;;;
Quilmes;Quilmes;1089;;;;
Atlético Rafaela;AtlÃ©tico Rafaela;1090;;;;
Chacarita Juniors;Chacarita Juniors;1091;;;;
Club Atlético Chaco For Ever;Chaco For Ever;1092;;;;
Platense;Platense;1093;;;;
Mitre de Santiago del Estero;Club AtlÃ©tico Mitre;1094;;;;
CSYD Madryn;Deportivo Madryn;1095;;;;
Club Deportivo Maipú;Deportivo MaipÃº;1096;;;;
Deportivo Morón;Deportivo MorÃ³n;1097;;;;
Sacachispas Fútbol Club;Sacachispas;1098;;;;
Estudiantes De Río Cuarto;Estudiantes RÃ­o Cuarto;1099;;;;
Club Atlético Alvarado;Alvarado;1100;;;;
CA Temperley;Temperley;1101;;;;
Almagro;Almagro;1102;;;;
Estudiantes de Buenos Aires;Estudiantes Caseros;1103;;;;
Belgrano;Belgrano;1104;;;;
CA San Telmo;San Telmo;1105;;;;
Villa Dálmine;Villa DÃ¡lmine;1106;;;;
Santamarina Tandil;Deportivo Santamarina;1107;;;;
Deportivo Riestra;Deportivo Riestra;1108;;;;
Club Atletico Guemes;Club AtlÃ©tico GÃ¼emes;1109;;;;
All Boys;All Boys;1110;;;;
Novorizontino-SP;Novorizontino;1111;;;;
Vasco da Gama-RJ;Vasco da Gama;1112;;;;
Tombense-MG;Tombense;1113;;;;
Guarani-SP;Guarani;1114;;;;
CSA-AL;CSA;1115;;;;
Ferro Carril Oeste;Ferro Carril Oeste;1116;;;;
CA Atlanta;Atlanta;1117;;;;
Vila Nova-GO;Vila Nova;1118;;;;
Brusque-SC;Brusque;1119;;;;
Tigres UANL;Tigres UANL;1120;;;;
Club Tijuana;Tijuana;1121;;;;
VAN Whitecaps FC;Vancouver Whitecaps;1122;;;;
Start;Start;1123;;;;
Bryne;Bryne;1124;;;;
Sandnes Ulf;Sandnes Ulf;1125;;;;
Fredrikstad;Fredrikstad;1126;;;;
Defensores de Belgrano;Defensores de Belgrano;1127;;;;
Rionegro Águilas Doradas;Rionegro Ãguilas;1128;;;;
Unión Magdalena;UniÃ³n Magdalena;1129;;;;
Once Caldas Manizales;Once Caldas;1130;;;;
CF Pachuca;Pachuca;1131;;;;
Mazatlán FC;MazatlÃ¡n;1132;;;;
Independiente Rivadavia;Independiente Rivadavia;1133;;;;
Liverpool FC Montevideo;Liverpool FC Montevideo;1134;;;;
Albion FC (URY);Albion;1135;;;;
Deportivo Pereira;Deportivo Pereira;1136;;;;
Patriotas FC;Patriotas BoyacÃ¡;1137;;;;
Fram Reykjavík;Fram;1138;;;;
Grêmio-RS;GrÃªmio;1139;;;;
Londrina-PR;Londrina;1140;;;;
Ituano-SP;Ituano;1141;;;;
Deportivo Maldonado;Deportivo Maldonado;1142;;;;
Montevideo City Torque;Torque;1143;;;;
CA Boston River;Boston River;1144;;;;
Cerro Largo FC;Cerro Largo;1145;;;;
Peñarol Montevideo;PeÃ±arol;1146;;;;
Rentistas;Rentistas;1147;;;;
Operário-PR;OperÃ¡rio PR;1148;;;;
Chivas Guadalajara;Guadalajara;1149;;;;
Club León;LeÃ³n;1150;;;;
Ponte Preta-SP;Ponte Preta;1151;;;;
Deportivo Cali;Deportivo Cali;1152;;;;
Querétaro FC;QuerÃ©taro;1153;;;;
CA River Plate (URU);River URU;1154;;;;
CF Monterrey;Monterrey;1155;;;;
Defensor Sporting;Defensor Sporting;1156;;;;
1. FC Kaiserslautern;Kaiserslautern;1157;;;;
Charlotte FC;Charlotte;1158;;;;
Korona Kielce;Korona Kielce;1159;;;;
San Martín de Tucumán;San MartÃ­n TucumÃ¡n;1160;;;;
Brown de Adrogué;Brown de AdroguÃ©;1161;;;;
CA Agropecuario;Agropecuario;1162;;;;
Deportivo Pasto;Deportivo Pasto;1163;;;;
Independiente Santa Fe;Santa Fe;1164;;;;
Goiás-GO;GoiÃ¡s;1165;;;;
Atlético San Luis;AtlÃ©tico San Luis;1166;;;;
Club Necaxa;Necaxa;1167;;;;
Deportivo Toluca FC;Toluca;1168;;;;
FC Juárez;JuÃ¡rez;1169;;;;
Santos Laguna;Santos Laguna;1170;;;;
Montevideo Wanderers;Wanderers;1171;;;;
GKS Tychy '71;Tychy 71;1172;;;;
LKS Lodz;ÅKS ÅÃ³dÅº;1173;;;;
Sandecja Nowy Sącz;Sandecja Nowy SÄcz;1174;;;;
GKS Katowice;GKS Katowice;1175;;;;
Keflavík ÍF;KeflavÃ­k;1176;;;;
América de Cali;AmÃ©rica de Cali;1177;;;;
Cortuluá;CortuluÃ¡;1178;;;;
Ranheim;Ranheim;1179;;;;
Sogndal;Sogndal;1180;;;;
CS Cerrito;Cerrito;1181;;;;
Danubio FC;Danubio;1182;;;;
Odra Opole;Odra Opole;1183;;;;
Podbeskidzie Bielsko-Biała;Podbeskidzie;1184;;;;
Nacional de Montevideo;Nacional;1185;;;;
Pumas UNAM;Pumas UNAM;1186;;;;
San Martin San Juan;San MartÃ­n San Juan;1187;;;;
Guillermo Brown;Guillermo Brown;1188;;;;
Banfield Reserves;Banfield Res.;1189;;;;
Central Córdoba SDE Reserves;CA Central CÃ³rdoba Reserves;1190;;;;
Newell's Old Boys Reserves;Newell's Old Boys Reserves;1191;;;;
Estudiantes Reserves;Estudiantes La Plata Res;1193;;;;
Rosario Central Reserves;Rosario Central Res.;1194;;;;
Atletico Tucuman Reserves;AtlÃ©tico TucumÃ¡n Res.;1195;;;;
Annecy FC;Annecy;1196;;;;
Stade Lavallois;Laval;1197;;;;
Miedź Legnica;MiedÅº Legnica;1198;;;;
Hillerød;HillerÃ¸d;1199;;;;
Jaguares de Córdoba;Jaguares de CÃ³rdoba;1200;;;;
Alianza Petrolera;Alianza Petrolera;1201;;;;
Cruz Azul;Cruz Azul;1202;;;;
Skra Częstochowa;SKRA CzÄstochowa;1203;;;;
HJK;HJK;1204;;;;
FC Honka;Honka;1205;;;;
St. Gallen;St. Gallen;1206;;;;
FC Sion;Sion;1207;;;;
IFK Mariehamn;Mariehamn;1208;;;;
VPS;VPS;1209;;;;
FC Zürich;ZÃ¼rich;1210;;;;
Servette;Servette;1211;;;;
Chojniczanka Chojnice;Chojniczanka Chojnice;1212;;;;
FC Haka;Haka;1213;;;;
SJK Seinäjoki;SJK;1214;;;;
Young Boys;Young Boys;1215;;;;
Winterthur;Winterthur;1216;;;;
Wil 1900;Wil;1217;;;;
Chrobry Głogów;Chrobry GÅogÃ³w;1218;;;;
KuPS;KuPS;1219;;;;
AC Oulu;Oulu;1220;;;;
Grasshopper;Grasshopper;1221;;;;
Lugano;Lugano;1222;;;;
Vaduz;Vaduz;1223;;;;
Stal Rzeszów;Stal RzeszÃ³w;1224;;;;
Club Atlas;Atlas;1225;;;;
CA Platense Reserves;Platense Res.;1226;;;;
Boca Juniors Reserves;Boca Juniors Res.;1227;;;;
Arsenal De Sarandi Reserves;Arsenal Res.;1228;;;;
Unión de Santa Fe Reserves;UniÃ³n Santa Fe Res.;1229;;;;
Defensa y Justicia Reserves;Defensa y Justicia Res.;1230;;;;
Velez Sarsfield Reserves;VÃ©lez SÃ¡rsfield Res.;1231;;;;
UD Oliveirense;UD Oliveirense;1232;;;;
Torreense;Torreense;1233;;;;
Luzern;Luzern;1234;;;;
FC Volendam;Volendam;1235;;;;
Club América;AmÃ©rica;1236;;;;
Næstved BK;Næstved BK;1237;;;;
Widzew Łódź;Widzew ÅÃ³dÅº;1238;;;;
Puebla FC;Puebla;1239;;;;
Südtirol;Sudtirol;1240;;;;
Ümraniyespor;Umraniyespor;1242;;;;
Godoy Cruz Reserves;Godoy Cruz Res.;1244;;;;
Sarmiento Reserves;Sarmiento Res.;1245;;;;
FC Andorra;FC Andorra;1246;;;;
Colón Reserves;ColÃ³n Res.;1247;;;;
San Lorenzo Reserves;San Lorenzo Res.;1248;;;;
Jong PSV Eindhoven;PSV II;1249;;;;
Jong Ajax;Ajax II;1250;;;;
Jong AZ Alkmaar;AZ II;1251;;;;
De Graafschap;De Graafschap;1253;;;;
Almere City;Almere City;1254;;;;
Persebaya Surabaya;Persebaya Surabaya;1256;;;;
Pusamania Borneo;Borneo;1257;;;;
PS Tira;PS TNI;1259;;;;
PSIS Semarang;PSIS Semarang;1260;;;;
Dewa United;Dewa United;1262;;;;
Bhayangkara;Bhayangkara;1263;;;;
Racing Club Reserves;Racing Club Res.;1265;;;;
River Plate Reserves;River Plate Res.;1266;;;;
Persik Kediri;Persik Kediri;1268;;;;
PSS Sleman;PSS Sleman;1269;;;;
Oriente Petrolero;Oriente Petrolero;1271;;;;
Aurora;Aurora;1272;;;;
Univ De Vinto;Universitario de Vinto;1274;;;;
Club Bolívar;BolÃ­var;1275;;;;
FC Eindhoven;Eindhoven;1276;;;;
SC Telstar;Telstar;1277;;;;
Helmond Sport;Helmond Sport;1278;;;;
TOP Oss;Oss;1280;;;;
Floridsdorfer AC Wien;Floridsdorfer AC;1281;;;;
Kapfenberger SV 1919;Kapfenberger SV;1282;;;;
FC Liefering;Liefering;1283;;;;
Austria Wien II;Austria Wien II;1284;;;;
Admira;Admira;1285;;;;
SKU Amstetten;Amstetten;1287;;;;
SK Vorwärts Steyr;VorwÃ¤rts Steyr;1288;;;;
Sturm Graz II;Sturm Graz II;1289;;;;
SV Horn;Horn;1290;;;;
St. Pölten;St. PÃ¶lten;1291;;;;
Gimnasia La Plata Reserves;Gimnasia Esgrima Res.;1292;;;;
Argentinos Jrs Reserves;Argentinos Juniors Res.;1294;;;;
CA Aldosivi Reserves;Aldosivi Res.;1295;;;;
Lanús Reserves;LanÃºs Res.;1296;;;;
Jong FC Utrecht;Utrecht II;1297;;;;
MVV Maastricht;MVV;1298;;;;
Persib Bandung;Persib;1299;;;;
PSM Makassar;PSM;1301;;;;
ŽP Podbrezová;PodbrezovÃ¡;1302;;;;
MFK Skalica;Skalica;1303;;;;
Trenčín;TrenÄÃ­n;1304;;;;
Zlaté Moravce;ZlatÃ© Moravce;1305;;;;
Žilina;Å½ilina;1306;;;;
FK Dukla Banská Bystrica;Dukla BanskÃ¡ Bystrica;1308;;;;
Royal Pari;Royal Pari;1309;;;;
The Strongest;The Strongest;1310;;;;
Guabirá;GuabirÃ¡;1311;;;;
FC Spartak Trnava;Spartak Trnava;1312;;;;
Zemplín Michalovce;ZemplÃ­n Michalovce;1313;;;;
Slovan Bratislava;Slovan Bratislava;1315;;;;
Tatran Liptovský Mikuláš;LiptovskÃ½ MikulÃ¡Å¡;1316;;;;
Ružomberok;RuÅ¾omberok;1317;;;;
DAC Dunajska Streda;DAC;1318;;;;
FC Viktoria Köln 1904;FC Viktoria Köln 1904;1319;;;;
Independiente Reserves;Independiente Res.;1320;;;;
Blooming;Blooming;1321;;;;
Persita Tangerang;Persita;1322;;;;
Madura United;Madura United;1323;;;;
Lafnitz;Lafnitz;1324;;;;
First Vienna;First Vienna;1325;;;;
Leones FC;Leones;1326;;;;
Fortaleza FC;Fortaleza CEIF;1327;;;;
GAK 1902;Grazer AK;1328;;;;
Jorge Wilstermann;Wilstermann;1329;;;;
Dynamo Kyiv;Dynamo Kyiv;1330;;;;
AEK Larnaca;AEK Larnaca;1331;;;;
Ludogorets Razgrad;Ludogorets Razgrad;1332;;;;
Qarabağ;Qarabağ;1333;;;;
Sturm Graz;Sturm Graz;1334;;;;
Ferencváros;FerencvÃ¡ros;1335;;;;
Omonia Nicosia;Omonia Nicosia;1336;;;;
Sheriff Tiraspol;Sheriff;1337;;;;
Slovácko;SlovÃ¡cko;1338;;;;
Austria Wien;Austria Wien;1339;;;;
Hapoel Beer Sheva;Hapoel Beer Sheva;1340;;;;
RFS;RFS;1341;;;;
KF Ballkani;KF Ballkani;1342;;;;
Apollon Limassol;Apollon Limassol;1343;;;;
Shamrock Rovers;Shamrock Rovers;1344;;;;
FCSB;FCSB;1345;;;;
Žalgiris Vilnius;Žalgiris Vilnius;1346;;;;
Pyunik;Pyunik;1347;;;;
CFR Cluj;CFR Cluj;1348;;;;
SK Dnipro-1;Dnipro-1;1349;;;;
Blau-Weiss Linz;Blau-WeiÃ Linz;1350;;;;
Atlético Huracán Reserves;HuracÃ¡n Res.;1351;;;;
Atlético Tigre Reserves;Tigre Res.;1352;;;;
Dornbirn 1913;Dornbirn;1353;;;;
Rapid Wien II;Rapid Wien II;1354;;;;
Nacional Potosí;Nacional PotosÃ­;1355;;;;
Bali United;Bali United;1356;;;;
Arsenal U21;Arsenal U21;1357;;;;
Liverpool U21;Liverpool U21;1358;;;;
Newcastle United FC U21;Newcastle United U21;1359;;;;
Wolverhampton Wanderers U21;Wolves U21;1360;;;;
Tottenham U21;Tottenham U21;1361;;;;
Atletico Palmaflor;Municipal Vinto;1363;;;;
Viktoria Plzeň;Viktoria PlzeÅ;1364;;;;
Huachipato;Huachipato;1365;;;;
Coquimbo Unido;Coquimbo Unido;1366;;;;
Antofagasta;Antofagasta;1367;;;;
Universidad Católica (CHI);Universidad CatÃ³lica;1368;;;;
Unión Española;UniÃ³n EspaÃ±ola;1369;;;;
Palestino;Palestino;1370;;;;
Ñublense;Ãublense;1371;;;;
O'Higgins;O'Higgins;1372;;;;
Austria Klagenfurt;Austria Klagenfurt;1373;;;;
Rheindorf Altach;Rheindorf Altach;1374;;;;
Austria Lustenau;Austria Lustenau;1375;;;;
Red Bull Salzburg;Salzburg;1376;;;;
Hartberg;Hartberg;1377;;;;
Club Real Santa Cruz;Santa Cruz;1378;;;;
WSG Swarovski Tirol;Wattens;1379;;;;
Rapid Wien;Rapid Wien;1380;;;;
Ried;Ried;1381;;;;
Wolfsberger AC;Wolfsberger AC;1382;;;;
Shakhtar Donetsk;Shakhtar Donetsk;1383;;;;
Dinamo Zagreb;Dinamo Zagreb;1384;;;;
Maccabi Haifa;Maccabi Haifa;1385;;;;
Kerala Blasters;Kerala Blasters;1386;;;;
Mumbai City;Mumbai City;1387;;;;
Hyderabad FC;Hyderabad;1388;;;;
Mohun Bagan;ATK Mohun Bagan;1389;;;;
FC Goa;Goa;1390;;;;
Quess East Bengal Club;East Bengal;1391;;;;
Jamshedpur FC;Jamshedpur;1392;;;;
NorthEast United;NorthEast United;1393;;;;
Odisha FC;Odisha FC;1394;;;;
Bengaluru FC;Bengaluru;1395;;;;
Chennaiyin FC;Chennaiyin;1396;;;;
Queen of the South;Queen of the South;1397;;;;
Airdrieonians;Airdrieonians;1398;;;;
Clyde;Clyde;1399;;;;
Edinburgh City;Edinburgh City;1400;;;;
Peterhead;Peterhead;1401;;;;
Stirling Albion;Stirling Albion;1402;;;;
Albion Rovers;Albion Rovers;1403;;;;
Annan Athletic;Annan Athletic;1404;;;;
Dumbarton;Dumbarton;1405;;;;
Stenhousemuir;Stenhousemuir;1406;;;;
Montrose;Montrose;1407;;;;
Kelty Hearts;Kelty Hearts;1408;;;;
Falkirk;Falkirk;1409;;;;
Alloa Athletic;Alloa Athletic;1410;;;;
Dunfermline Athletic;Dunfermline Athletic;1411;;;;
East Fife;East Fife;1412;;;;
Stranraer;Stranraer;1413;;;;
Elgin City;Elgin City;1414;;;;
Forfar Athletic;Forfar;1415;;;;
Bonnyrigg Rose Athletic;Bonnyrigg Rose;1416;;;;
Partick Thistle;Partick Thistle;1417;;;;
Raith Rovers;Raith Rovers;1418;;;;
Cove Rangers;Cove Rangers;1419;;;;
Arbroath;Arbroath;1420;;;;
Queen's Park;Queen's Park;1421;;;;
Greenock Morton;Greenock Morton;1422;;;;
Dorking Wanderers FC;Dorking Wanderers;1423;;;;
York City;York City;1424;;;;
Maidenhead United;Maidenhead United;1425;;;;
Maidstone United;Maidstone United;1426;;;;
Hamilton Academical;Hamilton Academical;1427;;;;
Ayr United;Ayr United;1428;;;;
Inverness CT;Inverness CT;1429;;;;
Arema;Arema;1430;;;;
Dalian Pro;Dalian Yifang;1431;;;;
Guangzhou City;Guangzhou R&F;1432;;;;
Wuhan Three Towns;Wuhan Three Towns;1433;;;;
Shanghai Shenhua;Shanghai Shenhua;1434;;;;
Persija Jakarta;Persija;1435;;;;
RANS Nusantara FC;Cilegon United;1436;;;;
Barito Putera;Barito Putera;1437;;;;
Al-Mokawloon Al-Arab;Al Mokawloon;1438;;;;
Ghazl El-Mehalla;Ghazl El Mehalla;1439;;;;
Ismaily;Ismaily SC;1440;;;;
Future FC;Coca-Cola;1441;;;;
Haras El Hodood;Haras El Hodood;1442;;;;
Ceramica Cleopatra;Ceramica Cleopatra;1443;;;;
National Bank of Egypt;National Bank of Egypt;1444;;;;
Smouha SC;Smouha SC;1445;;;;
ENPPI Club;ENPPI;1446;;;;
Al-Zamalek;Zamalek;1447;;;;
Al Ahly Cairo;Al Ahly;1448;;;;
El Daklyeh;El Daklyeh FC;1449;;;;
Pyramids FC;Pyramids FC;1450;;;;
Al-Masry Club;Al Masry;1451;;;;
Al-Ittihad Alexandria;Al Ittihad;1452;;;;
Tala'ea El-Gaish;El Geish;1453;;;;
Aswan FC;Aswan FC;1454;;;;
Pharco FC;Pharco;1455;;;;
Audax Italiano;Audax Italiano;1456;;;;
Curicó Unido;CuricÃ³ Unido;1457;;;;
Deportes Copiapó;CopiapÃ³;1458;;;;
Cobresal;Cobresal;1459;;;;
Everton de Viña del Mar;Everton VM;1460;;;;
Club Deportivo Garcilaso;Deportivo Garcilaso;1461;;;;
Unión Comercio;UniÃ³n Comercio;1462;;;;
Cusco FC;Real Garcilaso;1463;;;;
Colo Colo;Colo-Colo;1464;;;;
Universidad de Chile;Universidad Chile;1465;;;;
Union La Calera;UniÃ³n La Calera;1466;;;;
DPMM FC;DPMM FC;1467;;;;
Balestier Khalsa FC;Balestier Khalsa;1468;;;;
Tanjong Pagar United;Tanjong Pagar;1469;;;;
Tampines Rovers FC;Tampines Rovers;1470;;;;
Lion City Sailors;Home United;1471;;;;
Albirex Niigata FC (Singapore);Albirex Niigata S;1472;;;;
Geylang International;Geylang International;1473;;;;
Hougang United;Hougang United;1474;;;;
SK Beveren;Waasland-Beveren;1475;;;;
KRC Genk U23;KRC Genk II;1476;;;;
SK Deinze;KMSK Deinze;1477;;;;
Anderlecht U23;RSC Anderlecht II;1478;;;;
KSK Lierse Kempenzonen;Lierse Kempenzonen;1479;;;;
RE Virton;Excelsior Virton;1480;;;;
Lommel SK;Lommel United;1481;;;;
RWDM47;RWDM;1482;;;;
Club Brugge U23;Club Brugge II;1483;;;;
Standard de Liège U23;Standard LiÃ¨ge II;1484;;;;
FCV Dender EH;FCV Dender EH;1485;;;;
Magallanes;Magallanes;1486;;;;
Blackburn Rovers (W);Blackburn Rovers Ladies;1487;;;;
Birmingham (W);Birmingham City Women;1488;;;;
Lyon W;Olympique Lyonnais Women;1489;;;;
PSG W;PSG Women;1490;;;;
Charlton Athletic (W);Charlton Athletic Ladies;1491;;;;
Crystal Palace (W);Crystal Palace Ladies;1492;;;;
Chelsea W;Chelsea Women;1493;;;;
Wolfsburg W;Wolfsburg Women;1494;;;;
St. Louis City SC;St. Louis City;1495;;;;
Young Lions;Young Lions;1496;;;;
Baník Ostrava;BanÃ­k Ostrava;1497;;;;
1. Sk Prostejov;ProstÄjov;1498;;;;
FK Varnsdorf;Varnsdorf;1499;;;;
MFK Karviná;KarvinÃ¡;1500;;;;
SK Líšeň;LÃ­Å¡eÅ;1501;;;;
Dukla Praha;Dukla Praha;1502;;;;
Slavia Praha B;Slavia Praha U21;1503;;;;
Opava;Opava;1504;;;;
MFK Vyškov;VyÅ¡kov;1505;;;;
FC Vysocina Jihlava;VysoÄina Jihlava;1506;;;;
MFK Chrudim;Chrudim;1507;;;;
FK MAS Táborsko;TÃ¡borsko;1508;;;;
Sigma Olomouc B;Sigma Olomouc II;1509;;;;
FC Sellier & Bellot Vlašim;VlaÅ¡im;1510;;;;
Sparta Praha B;Sparta Praha II;1511;;;;
Příbram;PÅÃ­bram;1512;;;;
Teplice;Teplice;1513;;;;
Mladá Boleslav;MladÃ¡ Boleslav;1514;;;;
FK Pardubice;Pardubice;1515;;;;
Sparta Praha;Sparta Praha;1516;;;;
Vitória-BA;VitÃ³ria;1517;;;;
GAIS;GAIS;1518;;;;
Gefle IF;Gefle;1519;;;;
Hødd;HÃ¸dd;1520;;;;
Moss;Moss;1521;;;;
Mirassol-SP;Mirassol;1522;;;;
ABC-RN;ABC;1523;;;;
Botafogo-SP;Botafogo SP;1524;;;;
Slovan Liberec;Slovan Liberec;1525;;;;
České Budějovice;ÄeskÃ© BudÄjovice;1526;;;;
Hradec Králové;Hradec KrÃ¡lovÃ©;1527;;;;
Sigma Olomouc;Sigma Olomouc;1528;;;;
FC Fastav Zlín;ZlÃ­n;1529;;;;
Zbrojovka Brno;Zbrojovka Brno;1530;;;;
Bohemians 1905;Bohemians 1905;1531;;;;
FK Baumit Jablonec;Jablonec;1532;;;;
FC Minaj;Minai;1533;;;;
Kolos Kovalivka;Kolos Kovalivka;1534;;;;
FC Oleksandriya;Oleksandria;1535;;;;
Meizhou Hakka;Meizhou Hakka;1536;;;;
Shandong Taishan;Shandong Luneng;1537;;;;
Tianjin Tigers;Tianjin Teda;1538;;;;
Shenzhen FC;Shenzhen;1539;;;;
HK Kópavogs;HK;1540;;;;
Fylkir;Fylkir;1541;;;;
Beijing Guoan;Beijing Guoan;1542;;;;
Changchun Yatai;Changchun Yatai;1543;;;;
Nantong Zhiyun;Nantong Zhiyun;1544;;;;
Qingdao Hainiu;Qingdao Jonoon;1545;;;;
Independiente del Valle;CSD Independiente del Valle;1546;;;;
Aucas;SD Aucas;1547;;;;
Barcelona SC;Barcelona ECU;1548;;;;
Metropolitanos FC;Metropolitanos;1549;;;;
Emelec;CS Emelec;1550;;;;
Guaraní;GuaranÃ­;1551;;;;
Tacuary;Tacuary;1552;;;;
Chengdu Rongcheng;Chengdu Better City FC;1553;;;;
Cangzhou Mighty Lions;Shijiazhuang Ever Bright;1554;;;;
Olimpia Asuncion;Olimpia;1555;;;;
Shelbourne Dublin;Shelbourne;1556;;;;
Cork City;Cork City;1557;;;;
Drogheda United;Drogheda United;1558;;;;
Derry City;Derry City;1559;;;;
Sligo Rovers;Sligo Rovers;1560;;;;
Dundalk;Dundalk;1561;;;;
St Patrick's Athletic;St Patrick's Athl.;1562;;;;
Bohemians Dublin;Bohemians;1563;;;;
Finn Harps;Finn Harps;1564;;;;
Athlone Town;Athlone Town;1565;;;;
Bray Wanderers;Bray Wanderers;1566;;;;
Galway United;Galway United;1567;;;;
Cobh Ramblers;Cobh Ramblers;1568;;;;
UC Dublin;UCD;1569;;;;
Longford Town;Longford Town;1570;;;;
Kerry FC;Kerry;1571;;;;
Waterford United;Waterford;1572;;;;
Wexford Youths;Wexford;1573;;;;
Treaty United;Treaty United;1574;;;;
PIO;PIO;1575;;;;
Los Troncos;Los Troncos;1576;;;;
Saiyans;Saiyans;1577;;;;
Aniquiladores;Aniquiladores;1578;;;;
1K FC;1K FC;1579;;;;
Rayo de Barcelona;Rayo de Barcelona;1580;;;;
Porcinos;Porcinos;1581;;;;
El Barrio;El Barrio;1582;;;;
Jigantes;Jigantes;1583;;;;
Xbuyer;Xbuyer;1584;;;;
Kunisports;Kunisports;1585;;;;
Ultimate Mostoles;Ultimate Mostoles;1586;;;;
La Luz FC;La Luz;1587;;;;
Plaza Colonia;Plaza Colonia;1588;;;;
CA Fénix Montevideo;FÃ©nix;1589;;;;
CA Cerro;Cerro;1590;;;;
Racing Club de Montevideo;Racing URU;1591;;;;
FC Lahti;Lahti;1592;;;;
FC Inter Turku;Inter Turku;1593;;;;
Ilves;Ilves;1594;;;;
Estudiantes de Mérida;Estudiantes MÃ©rida;1595;;;;
Academia Puerto Cabello;Academia Puerto Cabello;1596;;;;
Libertad Asuncion;Libertad;1597;;;;
Monagas SC;Monagas;1598;;;;
Cerro Porteño;Cerro PorteÃ±o;1599;;;;
LDU Quito;LDU Quito;1600;;;;
Oita Trinita;Oita Trinita;1601;;;;
Júbilo Iwata;Jubilo Iwata;1602;;;;
Ventforet Kofu;Ventforet Kofu;1603;;;;
Renofa Yamaguchi;Renofa Yamaguchi;1604;;;;
Fagiano Okayama;Fagiano Okayama;1605;;;;
Thespakusatsu Gunma;ThespaKusatsu Gunma;1606;;;;
Mito Hollyhock;Mito Hollyhock;1607;;;;
Tokyo Verdy;Tokyo Verdy;1608;;;;
Omiya Ardija;Omiya Ardija;1609;;;;
Iwaki FC;Iwaki;1610;;;;
Vegalta Sendai;Vegalta Sendai;1611;;;;
Machida Zelvia;Machida Zelvia;1612;;;;
Zweigen Kanazawa;Zweigen Kanazawa;1613;;;;
Blaublitz Akita;Blaublitz Akita;1614;;;;
Montedio Yamagata;Montedio Yamagata;1615;;;;
Fujieda MYFC;Fujieda MYFC;1616;;;;
Roasso Kumamoto;Roasso Kumamoto;1617;;;;
Tokushima Vortis;Tokushima Vortis;1618;;;;
V-Varen Nagasaki;V-Varen Nagasaki;1619;;;;
JEF United Chiba;JEF United;1620;;;;
Tochigi SC;Tochigi;1621;;;;
Shimizu S-Pulse;Shimizu S-Pulse;1622;;;;
Albirex Niigata;Albirex Niigata;1623;;;;
Vissel Kobe;Vissel Kobe;1624;;;;
Nagoya Grampus Eight;Nagoya Grampus;1625;;;;
Sanfrecce Hiroshima;Sanfrecce Hiroshima;1626;;;;
Urawa Red Diamonds;Urawa Reds;1627;;;;
Gamba Osaka;Gamba Osaka;1628;;;;
Avispa Fukuoka;Avispa Fukuoka;1629;;;;
Kashiwa Reysol;Kashiwa Reysol;1630;;;;
Kawasaki Frontale;Kawasaki Frontale;1631;;;;
Sagan Tosu;Sagan Tosu;1632;;;;
Yokohama F Marinos;Yokohama F. Marinos;1633;;;;
Kashima Antlers;Shonan Bellmare;1634;;;;
FC Tokyo;Tokyo;1635;;;;
Kyoto Purple Sanga;Kyoto Sanga;1636;;;;
Consadole Sapporo;Consadole Sapporo;1637;;;;
Shonan Bellmare;Shonan Bellmare;1638;;;;
Yokohama FC;Yokohama;1639;;;;
Cerezo Osaka;Cerezo Osaka;1640;;;;
SalPa;SalPa;1641;;;;
JJK;JJK;1642;;;;
Gnistan;Gnistan;1643;;;;
Talleres de Córdoba Reserves;Talleres CÃ³rdoba Res.;1644;;;;
HIFK;HIFK;1645;;;;
KäPa;KÃ¤Pa;1646;;;;
Kjelsås;KjelsÃ¥s;1647;;;;
Instituto AC Córdoba Reserves;Instituto Res.;1648;;;;
Ruch Chorzów;Ruch ChorzÃ³w;1649;;;;
Puszcza Niepołomice;Puszcza NiepoÅomice;1650;;;;
Yverdon-Sport;Yverdon Sport;1651;;;;
Lausanne-Sport;Lausanne Sport;1652;;;;
SV Wehen Wiesbaden;Wehen Wiesbaden;1653;;;;
VfL Osnabrück;OsnabrÃ¼ck;1654;;;;
Concarneau;Concarneau;1655;;;;
Elversberg;Elversberg;1656;;;;
FC Seoul;FC Seoul;1657;;;;
Gwangju FC;Gwangju;1658;;;;
Pohang Steelers;Pohang Steelers;1659;;;;
Daejeon Citizen;Daejeon Citizen;1660;;;;
Vilaverdense;Vilaverdense;1661;;;;
Stirling University FC;Stirling University FC;1662;;;;
East Kilbride;East Kilbride;1663;;;;
Bala Town;Bala Town;1664;;;;
Coleraine;Coleraine;1665;;;;
CD Eldense;CD Eldense;1666;;;;
Oxford City;Oxford City;1667;;;;
AFC Fylde;Fylde;1668;;;;
FC Stade Ouchy;Stade Lausanne-Ouchy;1669;;;;
Pendikspor;Pendikspor;1670;;;;
AVS Futebol Sad;AVS;1671;;;;
União Leiria;UniÃ£o de Leiria;1672;;;;
Vaca Diez;Vaca DÃ­ez;1673;;;;
Real Tomayapo;Real Tomayapo;1674;;;;
Aston Villa U21;Aston Villa U21;1675;;;;
Leicester City U21;Leicester City U21;1676;;;;
Nottingham Forest U21;Nottingham Forest U21;1677;;;;